tx_time,tx_slot,tx_time_ms,h_id,tbs,rv,nrtx,success,outcome,reason,time_diff_ms,time_diff_s,is_burst,burst_id
2025-12-05 21:24:24.842410,0.1,0.5,13,233.0,0.0,4.0,False,dropped,Max retransmissions exceeded,,,False,1
2025-12-05 21:24:24.842838,0.11,5.5,5,225.0,3.0,2.0,False,retransmitted,Retransmitted at nrtx=3,5.0,0.005,True,1
2025-12-05 21:24:24.852401,1.1,10.5,5,225.0,1.0,3.0,False,retransmitted,Retransmitted at nrtx=4,5.0,0.005,True,1
2025-12-05 21:24:24.848860,1.3,11.5,2,225.0,0.0,0.0,False,retransmitted,Retransmitted at nrtx=1,1.0,0.001,True,1
2025-12-05 21:24:24.857379,2.0,20.0,2,225.0,2.0,1.0,False,retransmitted,Retransmitted at nrtx=2,8.5,0.0085,True,1
2025-12-05 21:24:24.862369,2.1,20.5,5,225.0,0.0,4.0,False,dropped,Max retransmissions exceeded,0.5,0.0005,True,1
2025-12-05 21:24:24.867413,3.0,30.0,2,225.0,3.0,2.0,False,retransmitted,Retransmitted at nrtx=3,9.5,0.0095,True,1
2025-12-05 21:24:24.877310,4.0,40.0,2,225.0,1.0,3.0,False,dropped,Max retransmissions exceeded,10.0,0.01,True,1
2025-12-05 21:24:14.713972,11.13,116.5,15,5889.0,0.0,0.0,False,retransmitted,Retransmitted at nrtx=1,76.5,0.0765,True,1
2025-12-05 21:24:14.845359,24.16,248.0,15,5889.0,0.0,0.0,False,retransmitted,Retransmitted at nrtx=1,131.5,0.1315,False,2
2025-12-05 21:24:14.993401,39.12,396.0,3,5889.0,0.0,0.0,False,retransmitted,Retransmitted at nrtx=1,148.0,0.148,False,3
2025-12-05 21:24:15.178392,58.2,581.0,10,5252.0,0.0,0.0,False,retransmitted,Retransmitted at nrtx=1,185.0,0.185,False,4
2025-12-05 21:23:55.380353,126.6,1263.0,9,5889.0,0.0,0.0,False,retransmitted,Retransmitted at nrtx=1,682.0,0.682,False,5
2025-12-05 21:24:16.612438,201.1,2010.5,6,5889.0,0.0,0.0,False,retransmitted,Retransmitted at nrtx=1,747.5,0.7475,False,6
2025-12-05 21:24:16.698320,210.2,2101.0,11,5252.0,0.0,0.0,False,retransmitted,Retransmitted at nrtx=1,90.5,0.0905,True,6
2025-12-05 21:24:06.988848,263.3,2631.5,8,5889.0,0.0,0.0,False,retransmitted,Retransmitted at nrtx=1,530.5,0.5305,False,7
2025-12-05 21:24:17.399914,280.5,2802.5,11,5889.0,0.0,0.0,False,retransmitted,Retransmitted at nrtx=1,171.0,0.171,False,8
2025-12-05 21:24:07.288424,293.0,2930.0,3,5889.0,0.0,0.0,False,retransmitted,Retransmitted at nrtx=1,127.5,0.1275,False,9
2025-12-05 21:24:07.295463,293.16,2938.0,3,5889.0,2.0,1.0,False,retransmitted,Retransmitted at nrtx=2,8.0,0.008,True,9
2025-12-05 21:24:07.295946,293.17,2938.5,7,2754.0,0.0,0.0,False,retransmitted,Retransmitted at nrtx=1,0.5,0.0005,True,9
2025-12-05 21:24:07.297349,294.0,2940.0,14,3393.0,0.0,0.0,False,retransmitted,Retransmitted at nrtx=1,1.5,0.0015,True,9
2025-12-05 21:24:07.297890,294.1,2940.5,9,5763.0,0.0,0.0,False,retransmitted,Retransmitted at nrtx=1,0.5,0.0005,True,9
2025-12-05 21:24:07.298405,294.2,2941.0,10,5252.0,0.0,0.0,False,retransmitted,Retransmitted at nrtx=1,0.5,0.0005,True,9
2025-12-05 21:24:07.298912,294.3,2941.5,12,5252.0,0.0,0.0,False,retransmitted,Retransmitted at nrtx=1,0.5,0.0005,True,9
2025-12-05 21:24:07.405973,304.17,3048.5,7,2817.0,0.0,0.0,False,retransmitted,Retransmitted at nrtx=1,107.0,0.107,False,10
2025-12-05 21:24:07.407349,305.0,3050.0,14,3521.0,0.0,0.0,False,retransmitted,Retransmitted at nrtx=1,1.5,0.0015,True,10
2025-12-05 21:24:07.407821,305.1,3050.5,3,5889.0,0.0,0.0,False,retransmitted,Retransmitted at nrtx=1,0.5,0.0005,True,10
2025-12-05 21:24:07.408429,305.2,3051.0,9,5889.0,0.0,0.0,False,retransmitted,Retransmitted at nrtx=1,0.5,0.0005,True,10
2025-12-05 21:24:07.408917,305.3,3051.5,10,5889.0,0.0,0.0,False,retransmitted,Retransmitted at nrtx=1,0.5,0.0005,True,10
2025-12-05 21:24:07.409381,305.4,3052.0,2,5889.0,0.0,0.0,False,retransmitted,Retransmitted at nrtx=1,0.5,0.0005,True,10
2025-12-05 21:24:07.415405,305.16,3058.0,12,5889.0,0.0,0.0,False,retransmitted,Retransmitted at nrtx=1,6.0,0.006,True,10
2025-12-05 21:24:07.417441,306.0,3060.0,14,3521.0,2.0,1.0,False,retransmitted,Retransmitted at nrtx=2,2.0,0.002,True,10
2025-12-05 21:24:07.417885,306.1,3060.5,7,2817.0,2.0,1.0,False,retransmitted,Retransmitted at nrtx=2,0.5,0.0005,True,10
2025-12-05 21:24:07.418345,306.2,3061.0,3,5889.0,2.0,1.0,False,retransmitted,Retransmitted at nrtx=2,0.5,0.0005,True,10
2025-12-05 21:24:07.418937,306.3,3061.5,9,5889.0,2.0,1.0,False,retransmitted,Retransmitted at nrtx=2,0.5,0.0005,True,10
2025-12-05 21:24:07.419415,306.4,3062.0,10,5889.0,2.0,1.0,False,retransmitted,Retransmitted at nrtx=2,0.5,0.0005,True,10
2025-12-05 21:24:07.425437,306.16,3068.0,1,5763.0,0.0,0.0,False,retransmitted,Retransmitted at nrtx=1,6.0,0.006,True,10
2025-12-05 21:24:07.427449,307.0,3070.0,14,3521.0,3.0,2.0,False,retransmitted,Retransmitted at nrtx=3,2.0,0.002,True,10
2025-12-05 21:24:07.427962,307.1,3070.5,12,5889.0,2.0,1.0,False,retransmitted,Retransmitted at nrtx=2,0.5,0.0005,True,10
2025-12-05 21:24:07.428386,307.2,3071.0,7,2817.0,3.0,2.0,False,retransmitted,Retransmitted at nrtx=3,0.5,0.0005,True,10
2025-12-05 21:24:07.428833,307.3,3071.5,3,5889.0,3.0,2.0,False,retransmitted,Retransmitted at nrtx=3,0.5,0.0005,True,10
2025-12-05 21:24:07.429446,307.4,3072.0,9,5889.0,3.0,2.0,False,retransmitted,Retransmitted at nrtx=3,0.5,0.0005,True,10
2025-12-05 21:24:07.435410,307.16,3078.0,11,5763.0,0.0,0.0,False,retransmitted,Retransmitted at nrtx=1,6.0,0.006,True,10
2025-12-05 21:24:07.437358,308.0,3080.0,14,3521.0,1.0,3.0,False,retransmitted,Retransmitted at nrtx=4,2.0,0.002,True,10
2025-12-05 21:24:07.437954,308.1,3080.5,1,5763.0,2.0,1.0,False,retransmitted,Retransmitted at nrtx=2,0.5,0.0005,True,10
2025-12-05 21:24:07.438455,308.2,3081.0,12,5889.0,3.0,2.0,False,retransmitted,Retransmitted at nrtx=3,0.5,0.0005,True,10
2025-12-05 21:24:07.438878,308.3,3081.5,7,2817.0,1.0,3.0,False,retransmitted,Retransmitted at nrtx=4,0.5,0.0005,True,10
2025-12-05 21:24:07.439340,308.4,3082.0,3,5889.0,1.0,3.0,False,retransmitted,Retransmitted at nrtx=4,0.5,0.0005,True,10
2025-12-05 21:24:07.445390,308.16,3088.0,10,5763.0,0.0,0.0,False,retransmitted,Retransmitted at nrtx=1,6.0,0.006,True,10
2025-12-05 21:24:07.447427,309.0,3090.0,14,3521.0,0.0,4.0,False,dropped,Max retransmissions exceeded,2.0,0.002,True,10
2025-12-05 21:24:07.447877,309.1,3090.5,11,5763.0,2.0,1.0,False,retransmitted,Retransmitted at nrtx=2,0.5,0.0005,True,10
2025-12-05 21:24:07.448457,309.2,3091.0,1,5763.0,3.0,2.0,False,retransmitted,Retransmitted at nrtx=3,0.5,0.0005,True,10
2025-12-05 21:24:07.448937,309.3,3091.5,12,5889.0,1.0,3.0,False,retransmitted,Retransmitted at nrtx=4,0.5,0.0005,True,10
2025-12-05 21:24:07.449370,309.4,3092.0,7,2817.0,0.0,4.0,False,dropped,Max retransmissions exceeded,0.5,0.0005,True,10
2025-12-05 21:24:18.224907,362.15,3627.5,9,5889.0,0.0,0.0,False,retransmitted,Retransmitted at nrtx=1,535.5,0.5355,False,11
2025-12-05 21:24:18.498414,390.2,3901.0,7,5252.0,0.0,0.0,False,retransmitted,Retransmitted at nrtx=1,273.5,0.2735,False,12
2025-12-05 21:24:18.638325,404.2,4041.0,10,5252.0,0.0,0.0,False,retransmitted,Retransmitted at nrtx=1,140.0,0.14,False,13
2025-12-05 21:23:58.205906,408.17,4088.5,0,2817.0,0.0,0.0,False,retransmitted,Retransmitted at nrtx=1,47.5,0.0475,True,13
2025-12-05 21:24:18.769400,417.4,4172.0,4,5889.0,0.0,0.0,False,retransmitted,Retransmitted at nrtx=1,83.5,0.0835,True,13
2025-12-05 21:23:58.632428,451.1,4510.5,7,5889.0,0.0,0.0,False,retransmitted,Retransmitted at nrtx=1,338.5,0.3385,False,14
2025-12-05 21:23:59.119871,500.5,5002.5,10,5889.0,0.0,0.0,False,retransmitted,Retransmitted at nrtx=1,492.0,0.492,False,15
2025-12-05 21:24:20.004354,540.14,5407.0,3,5889.0,0.0,0.0,False,retransmitted,Retransmitted at nrtx=1,404.5,0.4045,False,16
2025-12-05 21:24:09.995905,563.17,5638.5,5,2817.0,0.0,0.0,False,retransmitted,Retransmitted at nrtx=1,231.5,0.2315,False,17
2025-12-05 21:24:09.997427,564.0,5640.0,4,3521.0,0.0,0.0,False,retransmitted,Retransmitted at nrtx=1,1.5,0.0015,True,17
2025-12-05 21:24:09.997890,564.1,5640.5,8,5889.0,0.0,0.0,False,retransmitted,Retransmitted at nrtx=1,0.5,0.0005,True,17
2025-12-05 21:24:09.998448,564.2,5641.0,10,5252.0,0.0,0.0,False,retransmitted,Retransmitted at nrtx=1,0.5,0.0005,True,17
2025-12-05 21:24:09.998971,564.3,5641.5,12,5252.0,0.0,0.0,False,retransmitted,Retransmitted at nrtx=1,0.5,0.0005,True,17
2025-12-05 21:24:09.999401,564.4,5642.0,7,5252.0,0.0,0.0,False,retransmitted,Retransmitted at nrtx=1,0.5,0.0005,True,17
2025-12-05 21:24:09.999867,564.5,5642.5,0,5889.0,0.0,0.0,False,retransmitted,Retransmitted at nrtx=1,0.5,0.0005,True,17
2025-12-05 21:24:10.000387,564.6,5643.0,11,5889.0,0.0,0.0,False,retransmitted,Retransmitted at nrtx=1,0.5,0.0005,True,17
2025-12-05 21:24:10.010674,564.17,5648.5,2,2817.0,0.0,0.0,False,retransmitted,Retransmitted at nrtx=1,5.5,0.0055,True,17
2025-12-05 21:24:10.010883,565.0,5650.0,4,3521.0,2.0,1.0,False,retransmitted,Retransmitted at nrtx=2,1.5,0.0015,True,17
2025-12-05 21:24:10.012400,565.1,5650.5,11,5889.0,2.0,1.0,False,retransmitted,Retransmitted at nrtx=2,0.5,0.0005,True,17
2025-12-05 21:24:10.010927,565.1,5650.5,0,5889.0,2.0,1.0,False,retransmitted,Retransmitted at nrtx=2,0.0,0.0,True,17
2025-12-05 21:24:10.011159,565.5,5652.5,12,5252.0,2.0,1.0,False,retransmitted,Retransmitted at nrtx=2,2.0,0.002,True,17
2025-12-05 21:24:10.011240,565.6,5653.0,7,5252.0,2.0,1.0,False,retransmitted,Retransmitted at nrtx=2,0.5,0.0005,True,17
2025-12-05 21:24:10.017927,566.1,5660.5,2,2817.0,2.0,1.0,False,retransmitted,Retransmitted at nrtx=2,7.5,0.0075,True,17
2025-12-05 21:24:20.848342,625.2,6251.0,2,5889.0,0.0,0.0,False,retransmitted,Retransmitted at nrtx=1,590.5,0.5905,False,18
2025-12-05 21:24:11.018426,666.2,6661.0,7,5252.0,0.0,0.0,False,retransmitted,Retransmitted at nrtx=1,410.0,0.41,False,19
2025-12-05 21:24:21.560338,696.6,6963.0,2,5889.0,0.0,0.0,False,retransmitted,Retransmitted at nrtx=1,302.0,0.302,False,20
2025-12-05 21:23:51.427387,755.0,7550.0,8,3521.0,0.0,0.0,False,retransmitted,Retransmitted at nrtx=1,587.0,0.587,False,21
2025-12-05 21:23:51.427849,755.1,7550.5,9,5889.0,0.0,0.0,False,retransmitted,Retransmitted at nrtx=1,0.5,0.0005,True,21
2025-12-05 21:23:51.429367,755.4,7552.0,12,5889.0,0.0,0.0,False,retransmitted,Retransmitted at nrtx=1,1.5,0.0015,True,21
2025-12-05 21:23:51.509409,763.4,7632.0,8,5889.0,0.0,0.0,False,retransmitted,Retransmitted at nrtx=1,80.0,0.08,True,21
2025-12-05 21:23:51.510394,763.6,7633.0,3,5889.0,0.0,0.0,False,retransmitted,Retransmitted at nrtx=1,1.0,0.001,True,21
2025-12-05 21:23:51.522429,764.1,7640.5,3,5889.0,2.0,1.0,False,retransmitted,Retransmitted at nrtx=2,7.5,0.0075,True,21
2025-12-05 21:24:22.238426,764.2,7641.0,5,5252.0,0.0,0.0,False,retransmitted,Retransmitted at nrtx=1,0.5,0.0005,True,21
2025-12-05 21:23:51.523948,764.13,7646.5,1,5763.0,0.0,0.0,False,retransmitted,Retransmitted at nrtx=1,5.5,0.0055,True,21
2025-12-05 21:23:51.527413,765.0,7650.0,15,3393.0,0.0,0.0,False,retransmitted,Retransmitted at nrtx=1,3.5,0.0035,True,21
2025-12-05 21:24:22.378323,778.2,7781.0,12,5252.0,0.0,0.0,False,retransmitted,Retransmitted at nrtx=1,131.0,0.131,False,22
2025-12-05 21:24:02.018378,790.2,7901.0,4,5252.0,0.0,0.0,False,retransmitted,Retransmitted at nrtx=1,120.0,0.12,False,23
2025-12-05 21:24:12.419916,806.5,8062.5,3,5889.0,0.0,0.0,False,retransmitted,Retransmitted at nrtx=1,161.5,0.1615,False,24
2025-12-05 21:24:24.803890,1020.13,10206.5,13,233.0,0.0,0.0,False,retransmitted,Retransmitted at nrtx=1,2144.0,2.144,False,25
2025-12-05 21:24:24.812396,1021.1,10210.5,13,233.0,2.0,1.0,False,retransmitted,Retransmitted at nrtx=2,4.0,0.004,True,25
2025-12-05 21:24:24.822458,1022.1,10220.5,13,233.0,3.0,2.0,False,retransmitted,Retransmitted at nrtx=3,10.0,0.01,True,25
2025-12-05 21:24:24.823362,1022.12,10226.0,5,225.0,0.0,0.0,False,retransmitted,Retransmitted at nrtx=1,5.5,0.0055,True,25
2025-12-05 21:24:24.832353,1023.1,10230.5,13,233.0,1.0,3.0,False,retransmitted,Retransmitted at nrtx=4,4.5,0.0045,True,25
2025-12-05 21:24:24.832827,1023.11,10235.5,5,225.0,2.0,1.0,False,retransmitted,Retransmitted at nrtx=2,5.0,0.005,True,25
