pw,mean,std,count
5.0,43.789884868421055,2.4296328562118767,2
10.0,41.09417613636363,0.8181948635718124,2
15.0,41.304545454545455,3.9705117137535497,2
20.0,37.94256628787879,0.3773244992411255,2
25.0,36.284375000000004,,1
30.0,51.739393939393935,,1
35.0,42.919318181818184,12.507754722670226,2
40.0,36.592424242424244,0.3449823993061618,2
45.0,36.82973484848485,3.3477756280494915,2
50.0,36.7601893939394,4.910588751862848,2
55.0,46.175757575757586,14.952094300362814,2
60.0,44.47679924242425,16.274839315093793,2
65.0,37.07178977272727,6.609560107576278,2
70.0,33.80501893939394,2.582680733936095,2
75.0,31.76666666666666,,1
80.0,36.58848484848485,6.403387590599644,2
84.99999999999999,44.09484848484848,22.420427558385818,2
89.99999999999999,35.721875,7.795852262581689,2
95.0,32.94742424242424,1.4984235517689501,2
100.0,29.362230113636365,3.0758542333789918,2
104.9999999999,38.02333333333333,0.6312535082956257,2
109.9999999999,36.70954545454545,5.25466048334476,2
114.9999999999,35.65510416666666,5.5745057722666935,2
119.9999999999,32.4875,,1
125.0,29.958181818181814,,1
130.0,31.61272727272727,1.2076526723537528,2
135.0,41.60875946969697,12.488403031404795,2
140.0,51.811505681818176,1.1990682888927535,2
145.0,36.41121212121212,1.7300545913030905,2
150.0,34.32878787878788,0.9578082763345058,2
155.0,45.597575757575754,20.60380595508293,2
159.99999999989998,31.521178977272726,4.18131122680785,2
165.0,31.47454545454545,,1
169.99999999989998,35.357575757575766,,1
175.0,44.650606060606066,18.546339496612255,2
179.99999999989998,29.55712121212121,2.07482271582707,2
185.0,30.290662878787877,1.3054423260701173,2
189.99999999989998,34.584554924242425,9.848484146279477,2
195.0,30.616060606060604,,1
199.99999999989998,45.86060606060607,,1
205.0,29.230757575757572,1.0977297090965683,2
209.99999999989998,27.815624999999997,20.302803454818747,2
215.0,36.78484848484848,,1
219.99999999989998,59.94848484848484,,1
225.0,42.35621212121212,24.883516179518956,2
229.99999999989998,21.815142045454547,11.859265486583178,2
235.0,37.72727272727272,9.410948433246412,2
239.99999999989998,35.31085700757576,16.693793386859877,2
245.0,40.19621212121212,14.168919971503168,2
250.0,38.54333333333333,2.2597418528464583,2
254.9999999999,25.600625,,1
260.0,28.82242424242424,0.6621090769292225,2
265.0,30.88212121212121,5.784990569234669,2
270.0,33.87863636363636,0.4313351365237911,2
274.9999999999,26.435454545454547,2.7041477510831013,2
280.0,30.00484848484848,,1
285.0,29.637807765151514,1.0359047383513513,2
290.0,32.91530303030303,8.62220296005015,2
294.9999999999,34.08787878787879,,1
300.0,26.557447916666668,0.16138239141455746,2
305.0,28.924848484848486,1.2599357192051157,2
310.0,31.208939393939396,3.408468960101338,2
314.9999999999,29.629090909090905,,1
319.9999999999,27.9710606060606,2.982062143567627,2
325.0,27.526515151515152,1.3822866198286103,2
330.0,42.41257575757576,17.252762636605233,2
335.0,43.09030303030303,23.69107701669983,2
339.9999999999,40.25454545454545,9.766644571661459,2
345.0,28.47743371212121,4.167416846401011,2
350.0,34.819848484848485,0.7493189132755644,2
355.0,38.95818181818182,17.376399185921787,2
359.9999999999,38.983030303030304,13.733299339335817,2
365.0,39.56651515151515,1.3844293676503885,2
370.0,31.990909090909092,1.1827967976211298,2
375.0,33.970757575757574,9.33659508383074,2
379.9999999999,22.327904911180774,7.650858428510481,2
385.0,44.41378787878787,22.115085993782536,2
390.0,32.999848484848485,3.4971787199229265,2
395.0,27.705909090909092,1.1937248115121986,2
399.9999999999,38.415151515151514,7.4010509764191985,2
405.0,27.65090909090909,,1
410.0,32.00969696969697,6.063119236501377,2
415.0,31.82712121212121,3.5957451197246835,2
419.9999999999,29.32,3.1678383797157372,2
425.0,28.406666666666666,2.763716140528512,2
430.0,23.171060606060607,9.319453101256515,2
435.0,27.918030303030307,1.2305800740467705,2
439.9999999999,35.636818181818185,10.601673397808122,2
445.0,46.25969696969697,0.6226825170085137,2
450.0,36.25181818181818,4.983602883889918,2
455.0,34.094545454545454,2.153461560886297,2
459.9999999999,38.66681818181818,14.150492340235884,2
464.9999999999,36.87166666666667,14.915024763046066,2
470.0,36.35499999999999,4.670547427128231,2
475.0,36.36151515151515,,1
479.9999999999,34.626060606060605,7.295627783587746,2
484.9999999999,35.04924242424242,19.32651397852141,2
490.0,46.20454545454545,0.5978266422758982,2
495.0,34.964090909090906,7.111565745697071,2
500.0,26.528787878787877,0.1319932658214894,2
505.0,33.60106060606061,8.877618500406014,2
509.99999999989996,28.029545454545453,1.0540176535323122,2
514.9999999999,32.36090909090909,4.685332387098495,2
520.0,29.84409090909091,5.062241728949146,2
525.0,30.335757575757576,5.440865269057216,2
530.0,27.126363636363635,,1
535.0,27.455151515151513,,1
540.0,34.586363636363636,8.510137248971189,2
545.0,28.922727272727272,2.7118616432414955,2
549.9999999999,29.256212121212123,3.4020407166360065,2
554.9999999999,38.26015151515151,16.30266825242912,2
560.0,31.73439393939394,3.859731651367661,2
565.0,36.526666666666664,,1
570.0,24.13757575757576,2.1761746877971486,2
575.0,55.70606060606061,,1
580.0,27.21484848484848,,1
585.0,26.742727272727272,0.2588439368707114,2
589.9999999999,30.166060606060604,3.9863680476347065,2
594.9999999999,42.96636363636363,22.040732644366862,2
600.0,30.617424242424242,4.282281521822163,2
605.0,39.55136363636364,5.564930367938122,2
610.0,27.062424242424242,,1
615.0,27.627727272727274,3.7118820516650195,2
620.0,33.56848484848485,10.65545636813474,2
625.0,41.8969696969697,,1
629.9999999999,27.415606060606063,6.61059130496551,2
634.9999999999,27.921969696969697,3.46760879998239,2
639.9999999999,31.294393939393938,4.003295755426749,2
645.0,31.589696969696963,,1
650.0,34.51227272727272,10.68524056285744,2
655.0,32.786212121212124,0.7377480750379669,2
660.0,29.21090909090909,4.923177395315791,2
665.0,28.543787878787878,0.09363807981167335,2
670.0,37.60909090909091,,1
674.9999999999,23.50090909090909,13.744870177573418,2
679.9999999999,45.67575757575757,5.24116117206756,2
685.0,40.86727272727272,17.72395288261408,2
690.0,34.915757575757574,9.02439672619777,2
695.0,35.38515151515152,10.027631256353956,2
700.0,28.04878787878788,0.7169634211667247,2
705.0,28.698181818181816,0.6471098421767829,2
710.0,33.33984848484849,12.274302347487575,2
714.9999999999,30.50242424242424,3.2616907343095827,2
719.9999999999,21.56530303030303,4.753257493048847,2
725.0,24.84975625823452,6.339021309292415,2
730.0,31.985757575757575,,1
735.0,25.465454545454545,,1
740.0,23.423636363636362,1.6593439131844347,2
745.0,43.66348484848485,21.830529083050504,2
750.0,27.111060606060605,15.614846201638567,2
754.9999999999,32.34166666666667,9.493444224384845,2
759.9999999999,39.54090909090909,8.834549269188283,2
765.0,28.673181818181817,3.1539105188741763,2
770.0,27.35757575757576,2.656578749439638,2
775.0,36.67439393939394,10.402826399947182,2
780.0,34.126363636363635,11.700688755597762,2
785.0,24.139696969696974,,1
790.0,28.53878787878788,2.9998469504883833,2
794.9999999999,24.818939393939395,4.191429014178802,2
799.9999999999,28.875606060606057,16.670792328210478,2
804.9999999999,35.123636363636365,12.97733790781275,2
810.0,32.94030303030303,9.538227653859998,2
815.0,28.65484848484848,17.745808910396207,2
820.0,25.20151515151515,16.912708557289147,2
825.0,39.237575757575755,14.376123685869036,2
830.0,28.8180303030303,8.737482792861769,2
834.9999999999,26.92939393939394,1.895046173579947,2
839.9999999999,33.97484848484848,7.368052659963824,2
844.9999999999,33.64621212121212,8.099372491536457,2
850.0,21.131969696969694,10.707525140203925,2
855.0,33.04242424242424,12.470792322744567,2
860.0,32.33151515151515,7.329911748736185,2
865.0,34.84787878787879,10.872730997262968,2
870.0,28.389848484848482,3.6377429770315177,2
874.9999999999,35.60121212121213,,1
879.9999999999,26.20575757575758,0.9783786554235692,2
884.9999999999,28.78,0.5134023780978682,2
890.0,28.831515151515152,3.8582317278924196,2
895.0,28.383484848484848,0.8885975216910955,2
900.0,37.162121212121214,10.763022308787962,2
905.0,32.13121212121212,8.519993888951364,2
910.0,25.723333333333333,1.2595071696407656,2
914.9999999999001,28.280454545454546,1.0193051388195185,2
919.9999999999,28.233636363636364,,1
924.9999999999,28.941363636363633,2.9092087176271995,2
929.9999999999,26.82469696969697,1.3480026546801727,2
935.0,24.956969696969693,11.257997055618546,2
940.0,26.956515151515152,0.20120402046489733,2
945.0,37.141818181818174,13.448742428603772,2
950.0,27.526060606060604,1.9880414290450867,2
954.9999999999001,29.313333333333333,2.9029947489440415,2
959.9999999999,28.88075757575757,4.596408352494735,2
964.9999999999,30.533636363636365,4.3664915112180225,2
969.9999999999,23.404848484848486,12.816631821179442,2
975.0,32.395303030303026,5.1063823340777565,2
980.0,13.52878787878788,,1
985.0,27.562121212121212,0.3394112549695456,2
990.0,26.085,0.17249119965307716,2
995.0,33.04242424242425,,1
1000.0,19.729696969696967,7.2030610776869635,2
1005.0,31.935606060606062,11.54619663764761,2
1010.0,25.163636363636364,,1
1015.0000000000001,32.6259090909091,7.051568806687302,2
1019.9999999998998,29.87212121212121,5.263445749414047,2
1024.9999999999,30.297727272727272,2.762216217053268,2
1029.9999999999,26.901363636363634,4.8758226684545045,2
1035.0,27.29757575757576,1.2556502235615647,2
1040.0,27.214090909090906,1.6501300975507864,2
1045.0,23.813636363636363,4.290209688762745,2
1050.0,28.570151515151515,4.202142753287689,2
1055.0,27.28848484848485,2.069894395836986,2
1060.0,30.853939393939392,0.22970256649454118,2
1065.0,29.730303030303027,,1
1070.0,26.55409090909091,1.923116170045231,2
1075.0,30.935151515151514,,1
1080.0,28.536666666666665,1.3362175416603976,2
1085.0,24.16651515151515,5.5786439539975,2
1090.0,24.982575757575756,15.658129707638475,2
1095.0,30.028939393939392,0.42662109131588255,2
1099.9999999999002,26.351969696969697,17.817590962425758,2
1104.9999999999,27.811212121212122,,1
1109.9999999999,40.68181818181817,0.6213968683154559,2
1114.9999999999,28.400151515151514,3.8481608131300638,2
1120.0,26.479242424242422,0.883026377354473,2
1125.0,35.192727272727275,9.461945831404716,2
1130.0,33.95484848484848,7.426763950280528,2
1135.0,34.61954545454545,7.716249181002658,2
1140.0,35.544696969696965,6.489311778252903,2
1145.0,26.82409090909091,1.8935462501047045,2
1150.0,31.78363636363636,11.508270001202144,2
1155.0,28.47181818181818,0.46026223211779127,2
1160.0,35.03681818181818,6.3804601889066115,2
1165.0,27.11,18.444344700295645,2
1170.0,25.61090909090909,,1
1175.0,37.67272727272727,,1
1179.9999999999002,22.813939393939393,,1
1184.9999999999,25.12636363636363,,1
1189.9999999999,39.557575757575755,,1
1194.9999999999,25.64909090909091,,1
1200.0,39.5,,1
1205.0,29.882121212121213,,1
1210.0,29.934848484848484,,1
1215.0,28.012424242424242,,1
1220.0,33.07242424242424,,1
1225.0,24.836363636363636,,1
1230.0,26.993030303030302,,1
1235.0,29.262727272727272,,1
1240.0,37.3569696969697,,1
1245.0,28.115757575757577,,1
1250.0,28.473939393939396,,1
1255.0,27.929090909090913,,1
1259.9999999999002,40.10606060606061,,1
1264.9999999999002,31.490303030303025,,1
1269.9999999999,27.87181818181818,,1
1274.9999999999,21.41969696969697,,1
1279.9999999999,29.34151515151515,,1
1295.0,34.47545454545455,,1
1300.0,36.40696969696969,,1
1305.0,28.843030303030304,,1
1310.0,27.38090909090909,,1
1320.0,28.567272727272726,,1
1325.0,23.579090909090908,,1
1335.0,13.845454545454544,,1
1340.0,18.933939393939394,,1
1344.9999999999002,31.835757575757572,,1
1349.9999999999002,25.22121212121212,,1
1354.9999999999,34.22272727272727,,1
1359.9999999999,37.372424242424245,,1
1365.0,25.248484848484846,,1
1370.0,35.53333333333333,,1
1375.0,16.503030303030304,,1
1380.0,28.71454545454545,,1
1385.0,32.375151515151515,,1
1390.0,28.760303030303028,,1
1395.0,27.816060606060606,,1
1400.0,28.839393939393936,,1
1405.0,30.543333333333333,,1
1410.0,37.93333333333333,,1
1415.0,25.383939393939396,,1
1420.0,32.63848484848484,,1
1429.9999999999002,23.959393939393937,,1
1434.9999999999,26.39272727272727,,1
1439.9999999999,27.401818181818182,,1
1444.9999999999,41.17272727272727,,1
1450.0,28.615151515151513,,1
1455.0,25.277575757575757,,1
1460.0,22.18121212121212,,1
1465.0,20.172727272727276,,1
1470.0,24.26060606060606,,1
1475.0,34.06757575757575,,1
1480.0,40.86363636363637,,1
1485.0,22.673333333333336,,1
1490.0,29.75333333333333,,1
1495.0,32.20666666666666,,1
1500.0,24.71878787878788,,1
1504.9999999999002,24.806363636363635,,1
1509.9999999999002,18.779090909090908,,1
1514.9999999999002,28.935454545454547,,1
1519.9999999999,29.147272727272725,,1
1524.9999999999,33.56757575757576,,1
1530.0,26.220000000000002,,1
1535.0,35.32727272727273,,1
1540.0,25.488181818181815,,1
1550.0,31.589696969696963,,1
1555.0,32.33848484848485,,1
1560.0,25.574545454545454,,1
1565.0,23.348484848484848,,1
1570.0,28.803636363636365,,1
1580.0,27.89818181818182,,1
1584.9999999999002,14.258484848484848,,1
1589.9999999999002,27.796060606060607,,1
1594.9999999999002,24.708787878787877,,1
1599.9999999999,27.459393939393937,,1
1604.9999999999,33.798181818181824,,1
1609.9999999999,24.831818181818182,,1
1615.0,13.943939393939393,,1
1620.0,35.984848484848484,,1
1625.0,29.90969696969697,,1
1635.0,32.53727272727273,,1
1640.0,27.52909090909091,,1
1645.0,14.099696969696968,,1
1650.0,40.49090909090909,,1
1655.0,25.402121212121212,,1
1660.0,37.11515151515152,,1
1665.0,30.71515151515152,,1
1669.9999999999002,28.568484848484847,,1
1674.9999999999002,31.62484848484849,,1
1679.9999999999002,37.53151515151516,,1
1684.9999999999,27.777575757575757,,1
1689.9999999999,27.459090909090907,,1
1700.0,26.036363636363635,,1
1705.0,26.98090909090909,,1
1710.0,34.54545454545455,,1
1715.0,27.232424242424244,,1
1720.0,26.673333333333336,,1
1725.0,40.809090909090905,,1
1735.0,29.456363636363633,,1
1740.0,32.42727272727272,,1
1745.0,37.233333333333334,,1
1749.9999999999002,35.418181818181814,,1
1754.9999999999002,32.873939393939395,,1
1759.9999999999002,27.578181818181815,,1
1764.9999999999,27.540606060606063,,1
1769.9999999999,28.05181818181818,,1
1774.9999999999,27.000606060606057,,1
1780.0,25.146363636363635,,1
1785.0,24.41878787878788,,1
1795.0,27.750606060606064,,1
1800.0,22.31392857142857,,1
1805.0,27.75818181818182,,1
1810.0,27.64727272727273,,1
1820.0,27.54909090909091,,1
1825.0,30.628787878787875,,1
1829.9999999999,30.167272727272728,,1
1834.9999999999002,36.04969696969697,,1
1839.9999999999002,33.517272727272726,,1
1844.9999999999002,35.172727272727265,,1
1849.9999999999,27.37939393939394,,1
1854.9999999999,37.14848484848485,,1
1859.9999999999,38.64545454545454,,1
1865.0,28.80121212121212,,1
1870.0,33.31636363636364,,1
1875.0,25.309090909090912,,1
1880.0,33.71575757575758,,1
1885.0,27.503636363636364,,1
1890.0,38.54242424242424,,1
1900.0,29.976666666666667,,1
1914.9999999999002,28.804545454545455,,1
1919.9999999999002,38.6030303030303,,1
1924.9999999999002,28.179090909090906,,1
1929.9999999999,34.93636363636364,,1
1934.9999999999,40.93030303030303,,1
1939.9999999999,28.728181818181817,,1
1945.0,31.62181818181818,,1
1950.0,40.86666666666667,,1
1954.9999999999,34.75757575757576,,1
1960.0,38.512121212121215,,1
1964.9999999999,14.163333333333332,,1
1970.0,38.266666666666666,,1
1974.9999999999,40.79393939393939,,1
1980.0,30.133333333333333,,1
1984.9999999999998,30.62969696969697,,1
1990.0,31.740606060606062,,1
1994.9999999999998,19.23272727272727,,1
2000.0,32.40090909090909,,1
2004.9999999999998,32.125454545454545,,1
2010.0,30.413333333333334,,1
2014.9999999999998,41.015151515151516,,1
2020.0,27.978181818181817,,1
2025.0,26.522727272727273,,1
2030.0000000000002,14.643939393939394,,1
2039.9999999999,26.659393939393944,,1
2045.0,28.140909090909094,,1
2049.9999999999,38.85151515151515,,1
2055.0,15.404545454545456,,1
2059.9999999999,37.93636363636364,,1
2065.0,28.283333333333335,,1
2075.0,21.11939393939394,,1
2080.0,29.267272727272722,,1
2085.0,37.49393939393939,,1
2100.0,20.66969696969697,,1
2105.0,36.975757575757584,,1
2110.0,31.87242424242424,,1
2114.9999999999,36.131818181818176,,1
2120.0,31.112121212121206,,1
2124.9999999999,34.93939393939394,,1
2134.9999999999,14.64030303030303,,1
2140.0,28.495151515151516,,1
2144.9999999999,23.4130303030303,,1
2150.0,26.733939393939394,,1
2155.0,32.10818181818182,,1
2160.0,38.039393939393946,,1
2165.0,14.322727272727272,,1
2170.0,14.479999999999999,,1
2175.0,14.67242424242424,,1
2185.0,40.948484848484846,,1
2190.0,19.272727272727273,,1
2195.0,33.88787878787878,,1
2199.9999999999,35.054545454545455,,1
2209.9999999999,32.45647058823529,,1
2215.0,37.72121212121211,,1
2219.9999999999,32.92545454545454,,1
2225.0,32.28969696969697,,1
2240.0,40.79090909090909,,1
2245.0,33.129999999999995,,1
2250.0,40.77272727272727,,1
2255.0,33.44242424242423,,1
2260.0,33.81212121212122,,1
2265.0,35.12727272727273,,1
2270.0,14.42090909090909,,1
2275.0,32.551515151515154,,1
2280.0,37.41515151515151,,1
2284.9999999999,40.95151515151515,,1
2290.0,35.39393939393939,,1
2294.9999999999,38.115151515151524,,1
2300.0,30.96787878787879,,1
2310.0,42.455882352941174,,1
2320.0,29.063939393939393,,1
2325.0,36.73030303030303,,1
2330.0,34.68969696969697,,1
2335.0,36.38787878787878,,1
2340.0,14.384848484848483,,1
2345.0,39.37272727272727,,1
2350.0,31.02151515151515,,1
2355.0,36.64666666666666,,1
2359.9999999999,40.54242424242425,,1
2365.0,14.512121212121212,,1
2369.9999999999,14.289090909090907,,1
2375.0,33.25,,1
2379.9999999999,33.31181818181818,,1
2385.0,26.440909090909088,,1
2389.9999999999,28.70121212121212,,1
2395.0,22.535757575757575,,1
2400.0,15.18121212121212,,1
2405.0,40.78181818181818,,1
2410.0,40.826470588235296,,1
2415.0,35.07878787878788,,1
2420.0,18.063823529411764,,1
2430.0,15.24242424242424,,1
2435.0,40.763636363636365,,1
2440.0,24.311818181818182,,1
2444.9999999999,40.26060606060606,,1
2450.0,37.53030303030303,,1
2454.9999999999,14.86181818181818,,1
2460.0,36.39090909090909,,1
2464.9999999999,40.342424242424244,,1
2470.0,40.694117647058825,,1
2474.9999999999,37.99060606060606,,1
2480.0,36.12,,1
2485.0,38.214705882352945,,1
2490.0,36.376969696969695,,1
2495.0,33.91470588235294,,1
2500.0,38.58529411764705,,1
2505.0,35.6030303030303,,1
2510.0,30.523823529411764,,1
2515.0,27.874848484848485,,1
2519.9999999999,33.366363636363644,,1
2525.0,40.93529411764706,,1
2529.9999999999,34.83939393939394,,1
2535.0,31.790000000000006,,1
2539.9999999999,30.544117647058822,,1
2545.0,37.301212121212124,,1
2549.9999999999,33.63939393939394,,1
2555.0,27.24121212121212,,1
2559.9999999999,22.115882352941174,,1
2565.0,37.92941176470588,,1
2570.0,41.88235294117647,,1
2575.0,39.378181818181815,,1
2580.0,38.267647058823535,,1
2585.0,29.718235294117648,,1
2590.0,30.868181818181817,,1
2595.0,26.686176470588233,,1
2600.0,14.67121212121212,,1
2604.9999999999,35.327272727272735,,1
2610.0,36.987272727272725,,1
2614.9999999999,30.752941176470586,,1
2620.0,35.76676470588236,,1
2624.9999999999,33.49121212121212,,1
2630.0,40.564705882352946,,1
2634.9999999999,37.59212121212121,,1
2640.0,25.823333333333327,,1
2644.9999999999,15.564848484848484,,1
2650.0,37.014545454545456,,1
2660.0,30.702941176470585,,1
2665.0,15.053030303030303,,1
2670.0,14.734545454545454,,1
2680.0,14.545454545454545,,1
2685.0,37.464705882352945,,1
2689.9999999999,40.911764705882355,,1
2695.0,14.639090909090909,,1
2699.9999999999,40.938235294117646,,1
2705.0,21.474242424242423,,1
2709.9999999999,15.308484848484847,,1
2719.9999999999,36.246764705882356,,1
2725.0,18.134545454545453,,1
2730.0,32.03441176470589,,1
2735.0,41.20882352941177,,1
2740.0,15.012121212121212,,1
2745.0,36.21470588235294,,1
2750.0,22.282941176470587,,1
2755.0,31.76882352941177,,1
2760.0,36.80882352941176,,1
2764.9999999999,14.766363636363636,,1
2770.0,41.52424242424242,,1
2774.9999999999,36.63941176470588,,1
2780.0,41.021212121212116,,1
2784.9999999999,23.136363636363637,,1
2790.0,25.61264705882353,,1
2794.9999999999,40.817647058823525,,1
2804.9999999999,40.47575757575758,,1
2810.0,24.28735294117647,,1
2815.0,15.023939393939393,,1
2820.0,15.323529411764707,,1
2825.0,39.38676470588236,,1
2830.0,24.117575757575757,,1
2835.0,37.47352941176471,,1
2840.0,36.817647058823525,,1
2845.0,14.579411764705881,,1
2849.9999999999,27.107941176470586,,1
2855.0,35.06294117647059,,1
2859.9999999999,39.5,,1
2865.0,23.61735294117647,,1
2869.9999999999,35.89411764705883,,1
2875.0,30.08696969696969,,1
2879.9999999999,34.88382352941177,,1
2885.0,35.61588235294118,,1
2889.9999999999,36.22545454545455,,1
2895.0,36.17575757575757,,1
2900.0,14.60878787878788,,1
2905.0,36.796470588235294,,1
2910.0,22.59970588235294,,1
2915.0,37.87647058823529,,1
2920.0,14.896969696969697,,1
2925.0,24.11441176470588,,1
2930.0,33.47647058823529,,1
2934.9999999999,27.032647058823528,,1
2940.0,14.766176470588235,,1
2950.0,28.73794117647058,,1
2954.9999999999,33.68176470588236,,1
2960.0,14.86181818181818,,1
2964.9999999999,14.547058823529412,,1
2970.0,14.702941176470588,,1
2974.9999999999,14.61,,1
2980.0,30.652647058823533,,1
2985.0,22.79205882352941,,1
2990.0,33.05676470588235,,1
3000.0,14.737878787878786,,1
3005.0,14.890882352941176,,1
3009.9999999999,35.258823529411764,,1
3015.0,37.444117647058825,,1
3019.9999999999,19.104999999999997,,1
3025.0,40.63823529411764,,1
3029.9999999999,40.61470588235294,,1
3035.0,32.18352941176471,,1
3039.9999999999,37.13823529411765,,1
3045.0,14.46176470588235,,1
3049.9999999999,36.161764705882355,,1
3055.0,23.79823529411765,,1
3060.0,37.523529411764706,,1
3065.0,14.488235294117647,,1
3070.0,36.14382352941176,,1
3075.0,14.673939393939394,,1
3080.0,37.73823529411765,,1
3090.0,14.816176470588234,,1
3100.0,37.050000000000004,,1
3104.9999999999,38.0735294117647,,1
3110.0,15.045588235294119,,1
3114.9999999999,33.16,,1
3120.0,14.270294117647058,,1
3124.9999999999,31.792352941176464,,1
3130.0,14.785294117647059,,1
3134.9999999999,27.294117647058822,,1
3145.0,37.5,,1
3150.0,37.72352941176471,,1
3155.0,37.470588235294116,,1
3160.0,15.476470588235296,,1
3165.0,15.011470588235294,,1
3169.9999999999,22.627647058823527,,1
3175.0,39.86764705882353,,1
3189.9999999999,32.07411764705882,,1
3195.0,35.46,,1
3199.9999999999,28.960882352941177,,1
3205.0,41.01470588235295,,1
3209.9999999999,35.85588235294117,,1
3215.0,14.892352941176469,,1
3219.9999999999,23.208823529411767,,1
3225.0,32.896470588235296,,1
3230.0,40.37647058823529,,1
3235.0,38.211764705882345,,1
3240.0,32.82029411764706,,1
3250.0,37.59411764705882,,1
3254.9999999999,30.955882352941178,,1
3264.9999999999,23.461764705882352,,1
3274.9999999999,41.77058823529412,,1
3280.0,36.51764705882353,,1
3284.9999999999,37.86470588235294,,1
3290.0,15.105882352941174,,1
3294.9999999999,41.24705882352941,,1
3300.0,14.242647058823529,,1
3304.9999999999,14.426470588235293,,1
3310.0,15.369117647058822,,1
3315.0,37.684411764705885,,1
3320.0,38.27352941176471,,1
3325.0,38.20882352941176,,1
3330.0,14.641176470588235,,1
3335.0,38.70294117647059,,1
3339.9999999999,36.554117647058824,,1
3345.0,37.92941176470588,,1
3349.9999999999,29.352352941176466,,1
3355.0,22.156764705882352,,1
3359.9999999999,36.280588235294125,,1
3365.0,14.393823529411764,,1
3369.9999999999,34.42029411764706,,1
3375.0,40.20882352941177,,1
3385.0,14.608823529411765,,1
3390.0,14.301176470588235,,1
3395.0,37.91764705882353,,1
3405.0,37.33529411764705,,1
3410.0,38.002941176470586,,1
3414.9999999999,38.01735294117647,,1
3420.0,14.23970588235294,,1
3424.9999999999,36.935,,1
3430.0,37.30882352941177,,1
3440.0,41.7,,1
3444.9999999999,41.83529411764706,,1
3450.0,38.64117647058824,,1
3454.9999999999,36.99794117647059,,1
3464.9999999999,14.705882352941174,,1
3470.0,38.13823529411764,,1
3475.0,37.36294117647059,,1
3480.0,29.633235294117643,,1
3485.0,37.873529411764714,,1
3490.0,22.772058823529417,,1
3495.0,36.36470588235294,,1
3499.9999999999,40.03823529411765,,1
3505.0,25.522058823529413,,1
3509.9999999999,22.63441176470588,,1
3515.0,36.69470588235294,,1
3519.9999999999,36.68617647058824,,1
3525.0,25.01205882352941,,1
3529.9999999999,30.562352941176467,,1
3535.0,38.49117647058824,,1
3539.9999999999,31.56411764705882,,1
3545.0,14.608823529411765,,1
3549.9999999999,36.09117647058824,,1
3555.0,37.714705882352945,,1
3560.0,14.887941176470589,,1
3565.0,37.938235294117646,,1
3570.0,41.311764705882354,,1
3575.0,35.99235294117648,,1
3580.0,25.572058823529414,,1
3584.9999999999,38.294117647058826,,1
3590.0,38.079411764705874,,1
3594.9999999999,41.008823529411764,,1
3600.0,37.050000000000004,,1
3604.9999999999,14.508823529411764,,1
3610.0,14.301176470588235,,1
3614.9999999999,22.693823529411763,,1
3620.0,23.988529411764702,,1
3624.9999999999,14.794117647058822,,1
3630.0,39.87647058823529,,1
3634.9999999999,37.16176470588236,,1
3640.0,15.071470588235293,,1
3645.0,33.074999999999996,,1
3650.0,36.77058823529412,,1
3655.0,23.376470588235296,,1
3659.9999999999,28.069411764705883,,1
3665.0,14.608823529411765,,1
3669.9999999999,35.93529411764706,,1
3675.0,34.5129411764706,,1
3685.0,14.890882352941176,,1
3689.9999999999,14.547058823529412,,1
3695.0,39.37058823529412,,1
3699.9999999999,26.164705882352937,,1
3705.0,16.071818181818177,,1
3709.9999999999,38.15588235294118,,1
3715.0,39.38294117647059,,1
3719.9999999999,39.076470588235296,,1
3725.0,38.35294117647059,,1
3730.0,20.529117647058822,,1
3735.0,38.57647058823529,,1
3740.0,38.01764705882354,,1
3744.9999999999,40.31764705882353,,1
3750.0,15.071764705882355,,1
3754.9999999999,14.797058823529412,,1
3760.0,37.17764705882353,,1
3764.9999999999,36.71470588235294,,1
3770.0,29.50382352941176,,1
3774.9999999999,36.375588235294124,,1
3780.0,22.69411764705882,,1
3784.9999999999,35.111176470588234,,1
3794.9999999999,15.133235294117647,,1
3800.0,36.13529411764706,,1
3805.0,14.705882352941174,,1
3815.0,37.88823529411765,,1
3819.9999999999,15.414705882352939,,1
3825.0,14.829411764705881,,1
3829.9999999999,37.923529411764704,,1
3835.0,37.284705882352945,,1
3839.9999999999,19.54676470588235,,1
3845.0,39.28235294117648,,1
3849.9999999999,33.71058823529411,,1
3855.0,36.661470588235304,,1
3859.9999999999,39.41176470588236,,1
3865.0,37.60294117647059,,1
3875.0,32.60058823529412,,1
3879.9999999999,28.73882352941176,,1
3885.0,36.53352941176471,,1
3890.0,37.314705882352946,,1
3895.0,14.579411764705881,,1
3900.0,38.96764705882353,,1
3904.9999999999,39.47352941176471,,1
3909.9999999998995,15.258529411764705,,1
3915.0,37.976470588235294,,1
3920.0,14.393823529411764,,1
3924.9999999999995,16.599999999999998,,1
3929.9999999998995,37.673529411764704,,1
3935.0,38.42941176470589,,1
3940.0,30.29441176470588,,1
3944.9999999999995,36.04941176470589,,1
3949.9999999999,35.02764705882354,,1
3960.0,38.11176470588235,,1
3965.0,35.564705882352946,,1
3969.9999999999995,37.55882352941177,,1
3975.0000000000005,37.31470588235294,,1
3989.9999999999995,35.02441176470589,,1
3994.9999999998995,15.382352941176471,,1
4000.0,36.56294117647059,,1
4005.0,14.950000000000001,,1
4009.9999999999995,14.51764705882353,,1
4014.9999999998995,36.46764705882353,,1
4020.0,15.167647058823531,,1
4025.0,35.54117647058824,,1
4034.9999999999,23.17470588235294,,1
4040.0,38.28235294117647,,1
4045.0,23.87470588235294,,1
4050.0,30.49441176470588,,1
4054.9999999999995,15.754999999999999,,1
4060.0000000000005,34.99470588235293,,1
4065.0,14.952941176470588,,1
4070.0,28.60970588235294,,1
4079.9999999998995,29.466176470588238,,1
4085.0,23.49735294117647,,1
4090.0,37.699999999999996,,1
4094.9999999999995,24.27794117647059,,1
4099.9999999999,33.59058823529412,,1
4105.0,38.41470588235295,,1
4110.0,29.42058823529411,,1
4115.0,24.852941176470583,,1
4119.9999999999,15.01,,1
4125.0,34.48235294117647,,1
4130.0,35.296470588235294,,1
4135.0,35.82647058823529,,1
4140.0,35.188235294117646,,1
4144.9999999999,35.86176470588235,,1
4150.0,36.45294117647059,,1
4155.0,15.010294117647058,,1
4160.0,33.48441176470588,,1
4164.9999999999,34.34411764705882,,1
4170.0,27.591470588235293,,1
4175.0,14.33205882352941,,1
4180.0,38.19529411764706,,1
4184.9999999999,35.74970588235294,,1
4190.0,37.4,,1
4195.0,15.073529411764707,,1
4200.0,40.50882352941177,,1
4204.9999999999,36.688235294117646,,1
4210.0,24.140882352941176,,1
4215.0,32.96647058823529,,1
4220.0,36.46735294117647,,1
4225.0,38.43529411764706,,1
4229.9999999999,23.242058823529412,,1
4235.0,15.102941176470589,,1
4245.0,26.061176470588233,,1
4249.9999999999,33.546470588235294,,1
4255.0,33.794117647058826,,1
4260.0,24.944117647058818,,1
4269.9999999999,37.805882352941175,,1
4275.0,37.1935294117647,,1
4280.0,16.398529411764706,,1
4295.0,35.86588235294118,,1
4300.0,34.49999999999999,,1
4305.0,36.942352941176466,,1
4310.0,37.743235294117646,,1
4314.9999999999,14.979411764705883,,1
4320.0,18.83235294117647,,1
4325.0,33.20058823529411,,1
4330.0,22.057941176470585,,1
4334.9999999999,38.03529411764706,,1
4340.0,15.352941176470589,,1
4345.0,30.21117647058823,,1
4350.0,33.35941176470588,,1
4354.9999999999,38.89411764705882,,1
4360.0,33.707058823529415,,1
4365.0,35.05117647058824,,1
4370.0,15.691764705882353,,1
4374.9999999999,32.815588235294115,,1
4380.0,32.64000000000001,,1
4385.0,15.354117647058823,,1
4390.0,15.474411764705883,,1
4395.0,33.69529411764705,,1
4399.9999999999,15.538235294117646,,1
4405.0,15.751176470588234,,1
4410.0,36.9114705882353,,1
4415.0,22.040882352941175,,1
4419.9999999999,36.81029411764706,,1
4425.0,25.695294117647062,,1
4430.0,36.34088235294118,,1
4435.0,14.950000000000001,,1
4439.9999999999,22.549411764705884,,1
4450.0,36.66470588235294,,1
4455.0,28.466470588235296,,1
4459.9999999999,15.105588235294116,,1
4465.0,24.653823529411763,,1
4470.0,32.47882352941176,,1
4475.0,36.47617647058824,,1
4480.0,15.383823529411764,,1
4484.9999999999,15.446764705882355,,1
4490.0,35.23382352941177,,1
4495.0,38.182352941176475,,1
4500.0,15.538235294117646,,1
4504.9999999999,37.7614705882353,,1
4510.0,19.41970588235294,,1
4515.0,39.22911764705883,,1
4520.0,15.84705882352941,,1
4524.9999999999,25.12970588235294,,1
4530.0,15.073529411764707,,1
4535.0,25.20735294117647,,1
4540.0,29.758823529411764,,1
4544.9999999999,25.425882352941173,,1
4555.0,15.537941176470587,,1
4560.0,22.842352941176472,,1
4565.0,37.76176470588235,,1
4569.9999999999,15.47205882352941,,1
4575.0,36.311764705882354,,1
4580.0,36.13058823529412,,1
4585.0,33.27852941176471,,1
4589.9999999999,36.70294117647058,,1
4595.0,14.91764705882353,,1
4600.0,23.93205882352941,,1
4605.0,16.243235294117646,,1
4609.9999999999,37.9264705882353,,1
4615.0,15.044117647058822,,1
4620.0,15.01470588235294,,1
4625.0,15.411764705882353,,1
4630.0,27.28647058823529,,1
4634.9999999999,15.596764705882352,,1
4640.0,34.08352941176471,,1
4645.0,27.07735294117647,,1
4650.0,15.687941176470588,,1
4654.9999999999,33.26529411764706,,1
4670.0,32.690294117647056,,1
4674.9999999999,36.44529411764706,,1
4680.0,37.53941176470588,,1
4685.0,36.574285714285715,,1
4690.0,33.20264705882352,,1
4694.9999999999,26.056176470588234,,1
4700.0,36.74411764705883,,1
4705.0,24.036176470588234,,1
4710.0,36.955882352941174,,1
4715.0,37.80117647058824,,1
4719.9999999999,20.865,,1
4735.0,25.002941176470586,,1
4739.9999999999,15.873529411764707,,1
4745.0,26.83294117647059,,1
4750.0,35.78558823529412,,1
4755.0,38.57647058823529,,1
4759.9999999999,15.53529411764706,,1
4765.0,36.42,,1
4770.0,33.73235294117647,,1
4775.0,37.30294117647058,,1
4779.9999999999,32.995,,1
4785.0,32.40294117647059,,1
4790.0,28.57147058823529,,1
4795.0,37.536470588235304,,1
4800.0,30.978823529411763,,1
4804.9999999999,15.59529411764706,,1
4810.0,37.48352941176471,,1
4815.0,25.44705882352941,,1
4820.0,21.264705882352942,,1
4824.9999999999,15.476470588235296,,1
4830.0,15.352941176470589,,1
4835.0,16.585588235294118,,1
4840.0,15.72205882352941,,1
4844.9999999999,33.676,,1
4850.0,15.65705882352941,,1
4855.0,16.983235294117645,,1
4860.0,15.411470588235295,,1
4864.9999999999,15.874705882352941,,1
4870.0,33.171470588235294,,1
4875.0,34.277352941176474,,1
4880.0,33.78823529411765,,1
4885.0,34.167352941176475,,1
4889.9999999999,34.04470588235295,,1
4895.0,32.84882352941177,,1
4900.0,15.041176470588235,,1
4905.0,37.544117647058826,,1
4909.9999999999,15.626470588235293,,1
4915.0,15.627941176470586,,1
4920.0,15.36257142857143,,1
4925.0,15.873235294117649,,1
4929.9999999999,22.35628571428571,,1
4935.0,34.706857142857146,,1
4940.0,15.274285714285712,,1
4945.0,24.177999999999997,,1
4949.9999999999,34.12114285714286,,1
4955.0,24.842857142857138,,1
4965.0,20.655428571428573,,1
4970.0,34.81764705882353,,1
4974.9999999999,34.308,,1
4980.0,36.33428571428572,,1
4990.0,34.57714285714287,,1
4994.9999999999,34.63142857142857,,1
5000.0,24.093235294117644,,1
